,,adjusted_yards_per_attempt,assists_on_tackles,completed_passes,extra_points_made,field_goals_made,fumbles_forced,fumbles_recovered,fumbles_recovered_for_touchdown,games,height,interceptions,interceptions_returned_for_touchdown,interceptions_thrown,kickoff_return_touchdowns,name,other_touchdowns,pass_attempts,passes_defended,passing_completion,passing_touchdowns,passing_yards,passing_yards_per_attempt,player_id,plays_from_scrimmage,points,position,punt_return_touchdowns,quarterback_rating,receiving_touchdowns,receiving_yards,receiving_yards_per_reception,receptions,rush_attempts,rush_touchdowns,rush_yards,rush_yards_per_attempt,rushing_and_receiving_touchdowns,sacks,safeties,season,solo_tackles,tackles_for_loss,team_abbreviation,total_tackles,total_touchdowns,two_point_conversions,weight,yards_from_scrimmage,yards_from_scrimmage_per_play,yards_recovered_from_fumble,yards_returned_from_interceptions,yards_returned_per_interception,year
austin-grammer-1,2013,2.6,0,21,0,0,0,0,,8.0,6-2,0,0,2,0,Austin Grammer,,46,0,45.7,1,190,4.1,austin-grammer-1,33,12,QB,0,78.8,0,0,,0,33,2,169,5.1,2,0.0,,2013,0,0.0,Middle Tennessee State,0,2,,205,169,5.1,,0,,FR
austin-grammer-1,2014,7.0,0,221,0,0,0,0,,12.0,6-2,0,0,12,0,Austin Grammer,,338,0,65.4,17,2557,7.6,austin-grammer-1,125,36,QB,0,138.4,0,12,12.0,1,124,6,442,3.6,6,0.0,,2014,1,0.0,Middle Tennessee State,1,6,,205,454,3.6,,0,,SO
austin-grammer-1,2015,2.2,0,6,0,0,0,0,,11.0,6-2,0,0,1,0,Austin Grammer,,9,0,66.7,1,45,5.0,austin-grammer-1,27,6,QB,0,123.1,0,111,12.3,9,18,1,70,3.9,1,0.0,,2015,2,0.0,Middle Tennessee State,2,1,,205,181,6.7,,0,,JR
austin-grammer-1,Career,6.4,0,248,0,0,0,0,,,6-2,0,0,15,0,Austin Grammer,,393,0,63.1,19,2792,7.1,austin-grammer-1,185,54,QB,0,131.1,0,123,12.3,10,175,9,681,3.9,9,0.0,,Career,3,0.0,Middle Tennessee State,3,9,,205,804,4.3,,0,,
brent-stockstill-1,2014,-1.3,0,2,0,0,0,0,,1.0,6-0,0,0,1,0,Brent Stockstill,,3,0,66.7,0,41,13.7,brent-stockstill-1,2,0,QB,0,114.8,0,0,,0,2,0,-4,-2.0,0,0.0,,2014,0,0.0,Middle Tennessee State,0,0,,221,-4,-2.0,,0,,FR
brent-stockstill-1,2015,8.6,0,326,0,0,0,0,,13.0,6-0,0,0,9,0,Brent Stockstill,,489,0,66.7,30,3993,8.2,brent-stockstill-1,60,12,QB,0,151.8,0,0,,0,60,2,37,0.6,2,0.0,,2015,2,0.0,Middle Tennessee State,2,2,,221,37,0.6,,0,,FR
brent-stockstill-1,2016,8.5,0,262,0,0,0,0,,10.0,6-0,0,0,7,0,Brent Stockstill,,414,0,63.3,31,3233,7.8,brent-stockstill-1,46,0,QB,0,150.2,0,-3,-3.0,1,45,0,240,5.3,0,0.0,,2016,4,0.0,Middle Tennessee State,4,0,,221,237,5.2,,0,,SO
brent-stockstill-1,2017,6.8,0,138,0,0,0,0,,7.0,6-0,0,0,8,0,Brent Stockstill,,239,0,57.7,16,1672,7.0,brent-stockstill-1,37,0,QB,0,131.9,0,0,,0,37,0,51,1.4,0,0.0,,2017,0,0.0,Middle Tennessee State,0,16,,221,51,1.4,,0,,JR
brent-stockstill-1,2018,7.9,0,326,0,0,0,0,,14.0,6-0,0,0,10,0,Brent Stockstill,,464,0,70.3,29,3544,7.6,brent-stockstill-1,128,12,QB,0,150.7,0,-8,-8.0,1,127,2,140,1.1,2,0.0,,2018,1,0.0,Middle Tennessee State,1,2,,221,132,1.0,,0,,SR
brent-stockstill-1,Career,8.1,0,1054,0,0,0,0,,,6-0,0,0,35,0,Brent Stockstill,,1609,0,65.5,106,12483,7.8,brent-stockstill-1,273,24,QB,0,148.1,0,-11,-5.5,2,271,4,464,1.7,4,0.0,,Career,7,0.0,Middle Tennessee State,7,20,,221,453,1.7,,0,,
aj-erdely-1,2014,0.0,0,0,0,0,0,0,,5.0,6-4,0,0,0,0,A.J. Erdely,,1,0,0.0,0,0,0.0,aj-erdely-1,7,6,QB,0,0.0,0,0,,0,7,1,29,4.1,1,0.0,,2014,0,0.0,Middle Tennessee State,0,1,,220,29,4.1,,0,,JR
aj-erdely-1,2017,7.3,0,205,0,0,0,0,,13.0,6-4,0,0,4,0,A.J. Erdely,,338,0,60.7,16,2331,6.9,aj-erdely-1,123,78,QB,0,131.8,0,3,3.0,1,122,13,326,2.7,13,0.0,,2017,1,0.0,UAB,1,13,,220,329,2.7,,0,,JR
aj-erdely-1,2018,6.9,0,111,0,0,0,0,,9.0,6-4,0,0,7,0,A.J. Erdely,,198,0,56.1,7,1539,7.8,aj-erdely-1,84,30,QB,0,125.9,0,0,,0,84,5,257,3.1,5,0.0,,2018,0,0.0,UAB,0,5,,220,257,3.1,,0,,SR
aj-erdely-1,Career,7.1,0,316,0,0,0,0,,,6-4,0,0,11,0,A.J. Erdely,,537,0,58.8,23,3870,7.2,aj-erdely-1,214,114,QB,0,129.4,0,3,3.0,1,213,19,612,2.9,19,0.0,,Career,1,0.0,Overall,1,19,,220,615,2.9,,0,,
shane-tucker-1,2013,,0,0,0,0,0,0,,5.0,6-0,0,0,0,0,Shane Tucker,,0,0,,0,0,,shane-tucker-1,45,30,RB,0,,0,4,4.0,1,44,5,241,5.5,5,0.0,,2013,0,0.0,Middle Tennessee State,0,5,,220,245,5.4,,0,,FR
shane-tucker-1,2014,12.0,0,1,0,0,0,0,,12.0,6-0,0,0,0,0,Shane Tucker,,1,0,100.0,0,12,12.0,shane-tucker-1,122,72,RB,0,200.8,4,351,14.0,25,97,8,486,5.0,12,0.0,,2014,2,0.0,Middle Tennessee State,2,12,,220,837,6.9,,0,,SO
shane-tucker-1,2015,,0,0,0,0,0,0,,10.0,6-0,0,0,0,0,Shane Tucker,,0,0,,0,0,,shane-tucker-1,143,18,RB,0,,1,133,8.3,16,127,2,413,3.3,3,0.0,,2015,1,0.0,Middle Tennessee State,1,3,,220,546,3.8,,0,,JR
shane-tucker-1,2017,,1,0,0,0,0,0,,10.0,6-0,0,0,0,0,Shane Tucker,,0,0,,0,0,,shane-tucker-1,28,12,RB,0,,2,381,15.2,25,3,0,22,7.3,2,0.0,,2017,2,0.0,Middle Tennessee State,3,2,,220,403,14.4,,0,,SR
shane-tucker-1,Career,12.0,1,1,0,0,0,0,,,6-0,0,0,0,0,Shane Tucker,,1,0,100.0,0,12,12.0,shane-tucker-1,338,132,RB,0,200.8,7,869,13.0,67,271,15,1162,4.3,22,0.0,,Career,5,0.0,Middle Tennessee State,6,22,,220,2031,6.0,,0,,
jordan-parker-1,2012,,1,,,,,,,12.0,5-11,,,,,Jordan Parker,,,,,,,,jordan-parker-1,176,18,RB,,,0,102,10.2,10,166,3,851,5.1,3,0.0,,2012,1,0.0,Middle Tennessee State,2,3,,180,953,5.4,,,,FR
jordan-parker-1,2013,,0,,0.0,0.0,0.0,0.0,,11.0,5-11,0.0,0.0,,0.0,Jordan Parker,,,0.0,,,,,jordan-parker-1,160,36,RB,0.0,,0,31,2.2,14,146,6,745,5.1,6,0.0,,2013,1,0.0,Middle Tennessee State,1,6,,180,776,4.9,,0.0,,SO
jordan-parker-1,2014,,0,,0.0,0.0,0.0,0.0,,12.0,5-11,0.0,0.0,,0.0,Jordan Parker,,,0.0,,,,,jordan-parker-1,139,18,RB,0.0,,1,112,10.2,11,128,2,546,4.3,3,0.0,,2014,0,0.0,Middle Tennessee State,0,3,,180,658,4.7,,0.0,,JR
jordan-parker-1,2015,,0,,0.0,0.0,0.0,0.0,,11.0,5-11,0.0,0.0,,0.0,Jordan Parker,,,0.0,,,,,jordan-parker-1,122,36,RB,0.0,,0,68,4.5,15,107,6,469,4.4,6,0.0,,2015,1,0.0,Middle Tennessee State,1,6,,180,537,4.4,,0.0,,SR
jordan-parker-1,Career,,1,,0.0,0.0,0.0,0.0,,,5-11,0.0,0.0,,0.0,Jordan Parker,,,0.0,,,,,jordan-parker-1,597,108,RB,0.0,,1,313,6.3,50,547,17,2611,4.8,18,0.0,,Career,3,0.0,Middle Tennessee State,4,18,,180,2924,4.9,,0.0,,
reggie-whatley-1,2011,,0,,,,0.0,0.0,,12.0,5-7,,,,0,Reggie Whatley,,,0.0,,,,,reggie-whatley-1,45,12,RB,,,1,185,10.9,17,28,1,70,2.5,2,0.0,,2011,0,0.0,Middle Tennessee State,0,2,,179,255,5.7,,,,FR
reggie-whatley-1,2012,,0,,,,,,,12.0,5-7,,,,1,Reggie Whatley,,,,,,,,reggie-whatley-1,46,12,RB,,,0,48,6.9,7,39,1,172,4.4,1,0.0,,2012,2,0.0,Middle Tennessee State,2,2,,179,220,4.8,,,,SO
reggie-whatley-1,2013,,1,,0.0,0.0,1.0,1.0,,12.0,5-7,0.0,0.0,,0,Reggie Whatley,,,0.0,,,,,reggie-whatley-1,106,18,RB,0.0,,0,5,1.0,5,101,3,657,6.5,3,0.0,,2013,1,0.0,Middle Tennessee State,2,3,,179,662,6.2,,0.0,,JR
reggie-whatley-1,2014,,0,,0.0,0.0,0.0,0.0,,12.0,5-7,0.0,0.0,,0,Reggie Whatley,,,0.0,,,,,reggie-whatley-1,115,42,RB,0.0,,0,-11,-5.5,2,113,7,767,6.8,7,0.0,,2014,0,0.0,Middle Tennessee State,0,7,,179,756,6.6,,0.0,,SR
reggie-whatley-1,Career,,1,,0.0,0.0,1.0,1.0,,,5-7,0.0,0.0,,1,Reggie Whatley,,,0.0,,,,,reggie-whatley-1,312,84,RB,0.0,,1,227,7.3,31,281,12,1666,5.9,13,0.0,,Career,3,0.0,Middle Tennessee State,4,14,,179,1893,6.1,,0.0,,
jeremiah-bryson-1,2012,,,,,,,,,10.0,5-8,,,,,Jeremiah Bryson,,,,,,,,jeremiah-bryson-1,51,6,WR,,,1,122,10.2,12,39,0,150,3.8,1,,,2012,,,Middle Tennessee State,,1,,191,272,5.3,,,,FR
jeremiah-bryson-1,2013,,0.0,,0.0,0.0,0.0,0.0,,8.0,5-8,0.0,0.0,,0.0,Jeremiah Bryson,,,0.0,,,,,jeremiah-bryson-1,95,18,RB,0.0,,0,69,5.3,13,82,3,398,4.9,3,0.0,,2013,1.0,0.0,Middle Tennessee State,1.0,3,,191,467,4.9,,0.0,,SO
jeremiah-bryson-1,2014,,0.0,,0.0,0.0,0.0,0.0,,11.0,5-8,0.0,0.0,,0.0,Jeremiah Bryson,,,0.0,,,,,jeremiah-bryson-1,53,36,RB,0.0,,0,64,5.8,11,42,6,221,5.3,6,0.0,,2014,0.0,0.0,Middle Tennessee State,0.0,6,,191,285,5.4,,0.0,,JR
jeremiah-bryson-1,2015,,0.0,,0.0,0.0,0.0,0.0,,7.0,5-8,0.0,0.0,,0.0,Jeremiah Bryson,,,0.0,,,,,jeremiah-bryson-1,48,18,RB,0.0,,0,1,0.3,3,45,3,199,4.4,3,0.0,,2015,0.0,0.0,Middle Tennessee State,0.0,3,,191,200,4.2,,0.0,,SR
jeremiah-bryson-1,Career,,0.0,,0.0,0.0,0.0,0.0,,,5-8,0.0,0.0,,0.0,Jeremiah Bryson,,,0.0,,,,,jeremiah-bryson-1,247,78,RB,0.0,,1,256,6.6,39,208,12,968,4.7,13,0.0,,Career,1.0,0.0,Middle Tennessee State,1.0,13,,191,1224,5.0,,0.0,,
tony-rowland-1,2014,,2,,0,0,0,0,,6.0,5-7,0,0,,0,Tony Rowland,,,0,,,,,tony-rowland-1,8,6,RB,0,,0,0,,0,8,1,63,7.9,1,0.0,,2014,6,0.0,Middle Tennessee State,8,1,,186,63,7.9,,0,,SR
tony-rowland-1,Career,,2,,0,0,0,0,,,5-7,0,0,,0,Tony Rowland,,,0,,,,,tony-rowland-1,8,6,RB,0,,0,0,,0,8,1,63,7.9,1,0.0,,Career,6,0.0,Middle Tennessee State,8,1,,186,63,7.9,,0,,
kamani-thomas-1,2014,,0,,0,0,0,0,,1.0,5-9,0,0,,0,Kamani Thomas,,,0,,,,,kamani-thomas-1,3,0,RB,0,,0,0,,0,3,0,1,0.3,0,0.0,,2014,0,0.0,Middle Tennessee State,0,0,,202,1,0.3,,0,,FR
kamani-thomas-1,2015,,0,,0,0,0,0,,4.0,5-9,0,0,,0,Kamani Thomas,,,0,,,,,kamani-thomas-1,23,18,RB,0,,0,0,,0,23,3,156,6.8,3,0.0,,2015,0,0.0,Middle Tennessee State,0,3,,202,156,6.8,,0,,SO
kamani-thomas-1,2016,,2,,0,0,0,0,,4.0,5-9,0,0,,0,Kamani Thomas,,,0,,,,,kamani-thomas-1,0,0,RB,0,,0,0,,0,0,0,0,,0,0.0,,2016,3,0.0,Middle Tennessee State,5,0,,202,0,,,0,,JR
kamani-thomas-1,Career,,2,,0,0,0,0,,,5-9,0,0,,0,Kamani Thomas,,,0,,,,,kamani-thomas-1,26,18,RB,0,,0,0,,0,26,3,157,6.0,3,0.0,,Career,3,0.0,Middle Tennessee State,5,3,,202,157,6.0,,0,,
edmarques-batties-1,2014,,1,,0,0,0,0,,12.0,6-0,0,0,,0,Ed'Marques Batties,,,0,,,,,edmarques-batties-1,47,24,WR,1,,3,474,10.5,45,2,0,28,14.0,3,0.0,,2014,1,0.0,Middle Tennessee State,2,4,,197,502,10.7,,0,,JR
edmarques-batties-1,2015,,0,,0,0,0,0,,13.0,6-0,0,0,,0,Ed'Marques Batties,,,0,,,,,edmarques-batties-1,82,78,WR,0,,13,1048,12.8,82,0,0,0,,13,0.0,,2015,0,0.0,Middle Tennessee State,0,13,,197,1048,12.8,,0,,SR
edmarques-batties-1,Career,,1,,0,0,0,0,,,6-0,0,0,,0,Ed'Marques Batties,,,0,,,,,edmarques-batties-1,129,102,WR,1,,16,1522,12.0,127,2,0,28,14.0,16,0.0,,Career,1,0.0,Middle Tennessee State,2,17,,197,1550,12.0,,0,,
marcus-henry-2,2012,,0,,,,,,,6.0,6-0,,,,,Marcus Henry,,,,,,,,marcus-henry-2,9,6,WR,,,1,182,20.2,9,,,,,1,0.0,,2012,1,0.0,Middle Tennessee State,1,1,,195,182,20.2,,,,SO
marcus-henry-2,2013,10.0,0,1.0,0.0,0.0,0.0,0.0,,13.0,6-0,0.0,0.0,0.0,0.0,Marcus Henry,,1.0,0.0,100.0,0.0,10.0,10.0,marcus-henry-2,38,18,WR,0.0,184.0,3,549,14.4,38,0.0,0.0,0.0,,3,0.0,,2013,1,0.0,Middle Tennessee State,1,3,,195,549,14.4,,0.0,,JR
marcus-henry-2,2014,,0,0.0,0.0,0.0,0.0,0.0,,11.0,6-0,0.0,0.0,0.0,0.0,Marcus Henry,,0.0,0.0,,0.0,0.0,,marcus-henry-2,40,24,WR,0.0,,4,527,13.2,40,0.0,0.0,0.0,,4,0.0,,2014,1,0.0,Middle Tennessee State,1,4,,195,527,13.2,,0.0,,SR
marcus-henry-2,Career,10.0,0,1.0,0.0,0.0,0.0,0.0,,,6-0,0.0,0.0,0.0,0.0,Marcus Henry,,1.0,0.0,100.0,0.0,10.0,10.0,marcus-henry-2,87,48,WR,0.0,184.0,8,1258,14.5,87,0.0,0.0,0.0,,8,0.0,,Career,3,0.0,Middle Tennessee State,3,8,,195,1258,14.5,,0.0,,
devin-clarke-1,2013,,0,,0,0,0,0,,10.0,5-11,0,0,,0,Devin Clarke,,,0,,,,,devin-clarke-1,19,0,WR,0,,0,318,17.7,18,1,0,7,7.0,0,0.0,,2013,0,0.0,Middle Tennessee State,0,0,,176,325,17.1,,0,,JR
devin-clarke-1,2014,,1,,0,0,0,0,,10.0,5-11,0,0,,0,Devin Clarke,,,0,,,,,devin-clarke-1,25,12,WR,0,,2,358,14.3,25,0,0,0,,2,0.0,,2014,1,0.0,Middle Tennessee State,2,2,,176,358,14.3,,0,,SR
devin-clarke-1,Career,,1,,0,0,0,0,,,5-11,0,0,,0,Devin Clarke,,,0,,,,,devin-clarke-1,44,12,WR,0,,2,676,15.7,43,1,0,7,7.0,2,0.0,,Career,1,0.0,Middle Tennessee State,2,2,,176,683,15.5,,0,,
demetrius-frazier-1,2013,,0,,0,0,0,0,,4.0,5-10,0,0,,0,Demetrius Frazier,,,0,,,,,demetrius-frazier-1,5,0,WR,0,,0,74,14.8,5,0,0,0,,0,0.0,,2013,0,0.0,Middle Tennessee State,0,0,,190,74,14.8,,0,,FR
demetrius-frazier-1,2014,,0,,0,0,0,0,,6.0,5-10,0,0,,0,Demetrius Frazier,,,0,,,,,demetrius-frazier-1,15,0,WR,0,,0,165,11.0,15,0,0,0,,0,0.0,,2014,0,0.0,Middle Tennessee State,0,0,,190,165,11.0,,0,,SO
demetrius-frazier-1,2015,,1,,0,0,0,0,,12.0,5-10,0,0,,0,Demetrius Frazier,,,0,,,,,demetrius-frazier-1,30,6,WR,0,,1,191,6.8,28,2,0,12,6.0,1,0.0,,2015,3,0.0,Middle Tennessee State,4,1,,190,203,6.8,,0,,JR
demetrius-frazier-1,2016,,0,,0,0,0,0,,1.0,5-10,0,0,,0,Demetrius Frazier,,,0,,,,,demetrius-frazier-1,3,6,WR,0,,1,39,13.0,3,0,0,0,,1,0.0,,2016,0,0.0,Middle Tennessee State,0,1,,190,39,13.0,,0,,SR
demetrius-frazier-1,Career,,1,,0,0,0,0,,,5-10,0,0,,0,Demetrius Frazier,,,0,,,,,demetrius-frazier-1,53,12,WR,0,,2,469,9.2,51,2,0,12,6.0,2,0.0,,Career,3,0.0,Middle Tennessee State,4,2,,190,481,9.1,,0,,
terry-pettis-2,2013,,0,,0,0,0,0,,7.0,6-5,0,0,,0,Terry Pettis,,,0,,,,,terry-pettis-2,9,0,WR,0,,0,122,13.6,9,0,0,0,,0,0.0,,2013,0,0.0,Middle Tennessee State,0,0,,248,122,13.6,,0,,FR
terry-pettis-2,2014,,0,,0,0,0,0,,6.0,6-5,0,0,,0,Terry Pettis,,,0,,,,,terry-pettis-2,15,6,WR,0,,1,241,16.1,15,0,0,0,,1,0.0,,2014,0,0.0,Middle Tennessee State,0,1,,248,241,16.1,,0,,SO
terry-pettis-2,2015,,0,,0,0,1,0,,12.0,6-5,0,0,,0,Terry Pettis,,,0,,,,,terry-pettis-2,29,24,TE,0,,4,612,21.1,29,0,0,0,,4,0.0,,2015,1,0.0,Middle Tennessee State,1,4,,248,612,21.1,,0,,JR
terry-pettis-2,Career,,0,,0,0,1,0,,,6-5,0,0,,0,Terry Pettis,,,0,,,,,terry-pettis-2,53,30,TE,0,,5,975,18.4,53,0,0,0,,5,0.0,,Career,1,0.0,Middle Tennessee State,1,5,,248,975,18.4,,0,,
christian-collis-1,2012,,,,,,,,,12.0,6-0,,,,,Christian Collis,,,,,,,,christian-collis-1,18,12,WR,,,2,206,11.4,18,,,,,2,,,2012,,,Middle Tennessee State,,2,,217,206,11.4,,,,FR
christian-collis-1,2013,,0.0,,0.0,0.0,0.0,0.0,,10.0,6-0,0.0,0.0,,0.0,Christian Collis,,,0.0,,,,,christian-collis-1,18,6,WR,0.0,,1,228,12.7,18,0.0,0.0,0.0,,1,0.0,,2013,2.0,0.0,Middle Tennessee State,2.0,1,,217,228,12.7,,0.0,,SO
christian-collis-1,2014,,0.0,,0.0,0.0,0.0,0.0,,7.0,6-0,0.0,0.0,,0.0,Christian Collis,,,0.0,,,,,christian-collis-1,13,6,WR,0.0,,1,79,6.1,13,0.0,0.0,0.0,,1,0.0,,2014,0.0,0.0,Middle Tennessee State,0.0,1,,217,79,6.1,,0.0,,JR
christian-collis-1,2015,,0.0,,0.0,0.0,0.0,0.0,,6.0,6-0,0.0,0.0,,0.0,Christian Collis,,,0.0,,,,,christian-collis-1,16,12,WR,0.0,,2,217,13.6,16,0.0,0.0,0.0,,2,0.0,,2015,1.0,0.0,Middle Tennessee State,1.0,2,,217,217,13.6,,0.0,,SR
christian-collis-1,Career,,0.0,,0.0,0.0,0.0,0.0,,,6-0,0.0,0.0,,0.0,Christian Collis,,,0.0,,,,,christian-collis-1,65,36,WR,0.0,,6,730,11.2,65,0.0,0.0,0.0,,6,0.0,,Career,3.0,0.0,Middle Tennessee State,3.0,6,,217,730,11.2,,0.0,,
shannon-smith-1,2014,,0,,,,0,0,,8.0,6-1,0,0,,,Shannon Smith,,,0,,,,,shannon-smith-1,9,,WR,,,0,73,8.1,9,0,0,0,,0,0.0,,2014,1,0.0,Middle Tennessee State,1,,,175,73,8.1,,0,,FR
shannon-smith-1,2016,,0,,,,0,0,,1.0,6-1,0,0,,,Shannon Smith,,,0,,,,,shannon-smith-1,0,,DB,,,0,0,,0,0,0,0,,0,0.0,,2016,1,0.0,South Florida,1,,,175,0,,,0,,SR
shannon-smith-1,Career,,0,,,,0,0,,,6-1,0,0,,,Shannon Smith,,,0,,,,,shannon-smith-1,9,,DB,,,0,73,8.1,9,0,0,0,,0,0.0,,Career,2,0.0,Overall,2,,,175,73,8.1,,0,,
chris-perkins-4,2013,,0,,0,0,0,0,,7.0,6-3,0,0,,0,Chris Perkins,,,0,,,,,chris-perkins-4,13,6,WR,0,,1,123,9.5,13,0,0,0,,1,0.0,,2013,0,0.0,Middle Tennessee State,0,1,,223,123,9.5,,0,,JR
chris-perkins-4,2014,,0,,0,0,0,0,,6.0,6-3,0,0,,0,Chris Perkins,,,0,,,,,chris-perkins-4,7,6,WR,0,,1,106,15.1,7,0,0,0,,1,0.0,,2014,1,0.0,Middle Tennessee State,1,1,,223,106,15.1,,0,,SR
chris-perkins-4,Career,,0,,0,0,0,0,,,6-3,0,0,,0,Chris Perkins,,,0,,,,,chris-perkins-4,20,12,WR,0,,2,229,11.5,20,0,0,0,,2,0.0,,Career,1,0.0,Middle Tennessee State,1,2,,223,229,11.5,,0,,
travis-mcmillan-1,2014,,1,,,,0,0,,1.0,6-4,0,0,,,Travis McMillan,,,0,,,,,travis-mcmillan-1,,,WR,,,,,,,,,,,,0.0,,2014,0,0.0,Middle Tennessee State,1,,,200,,,,0,,JR
travis-mcmillan-1,Career,,1,,,,0,0,,,6-4,0,0,,,Travis McMillan,,,0,,,,,travis-mcmillan-1,,,WR,,,,,,,,,,,,0.0,,Career,0,0.0,Middle Tennessee State,1,,,200,,,,0,,
tyler-barron-1,2014,,,,,,,,,4.0,6-4,,,,,Tyler Barron,,,,,,,,tyler-barron-1,4,,TE,,,0,50,12.5,4,0,0,0,,0,,,2014,,,Middle Tennessee State,,,,234,50,12.5,,,,JR
tyler-barron-1,2015,,,,,,,,,1.0,6-4,,,,,Tyler Barron,,,,,,,,tyler-barron-1,1,,TE,,,0,1,1.0,1,0,0,0,,0,,,2015,,,Middle Tennessee State,,,,234,1,1.0,,,,SR
tyler-barron-1,Career,,,,,,,,,,6-4,,,,,Tyler Barron,,,,,,,,tyler-barron-1,5,,TE,,,0,51,10.2,5,0,0,0,,0,,,Career,,,Middle Tennessee State,,,,234,51,10.2,,,,
lucas-hamilton-1,2014,,0,,0,0,0,0,,1.0,6-5,0,0,,0,Lucas Hamilton,,,0,,,,,lucas-hamilton-1,0,0,TE,0,,0,0,,0,0,0,0,,0,0.0,,2014,1,0.0,Middle Tennessee State,1,0,,300,0,,,0,,FR
lucas-hamilton-1,2015,,0,,0,0,0,0,,1.0,6-5,0,0,,0,Lucas Hamilton,,,0,,,,,lucas-hamilton-1,1,6,TE,0,,1,2,2.0,1,0,0,0,,1,0.0,,2015,0,0.0,Middle Tennessee State,0,1,,300,2,2.0,,0,,SO
lucas-hamilton-1,Career,,0,,0,0,0,0,,,6-5,0,0,,0,Lucas Hamilton,,,0,,,,,lucas-hamilton-1,1,6,TE,0,,1,2,2.0,1,0,0,0,,1,0.0,,Career,1,0.0,Middle Tennessee State,1,1,,300,2,2.0,,0,,
jonah-sells-1,2014,,1,,,,0,0,,1.0,6-4,0,0,,,Jonah Sells,,,0,,,,,jonah-sells-1,,,OL,,,,,,,,,,,,0.0,,2014,0,0.0,Middle Tennessee State,1,,,289,,,,0,,SR
jonah-sells-1,Career,,1,,,,0,0,,,6-4,0,0,,,Jonah Sells,,,0,,,,,jonah-sells-1,,,OL,,,,,,,,,,,,0.0,,Career,0,0.0,Middle Tennessee State,1,,,289,,,,0,,
daniel-stephens-1,2014,,0,,,,0,0,,1.0,6-2,0,0,,,Daniel Stephens,,,0,,,,,daniel-stephens-1,,,OL,,,,,,,,,,,,0.0,,2014,1,0.0,Middle Tennessee State,1,,,304,,,,0,,SO
daniel-stephens-1,2015,,0,,,,0,0,,1.0,6-2,0,0,,,Daniel Stephens,,,0,,,,,daniel-stephens-1,,,OL,,,,,,,,,,,,0.0,,2015,1,0.0,Middle Tennessee State,1,,,304,,,,0,,JR
daniel-stephens-1,Career,,0,,,,0,0,,,6-2,0,0,,,Daniel Stephens,,,0,,,,,daniel-stephens-1,,,OL,,,,,,,,,,,,0.0,,Career,2,0.0,Middle Tennessee State,2,,,304,,,,0,,
justin-akins-2,2014,,0,,,,0,0,,1.0,6-4,0,0,,,Justin Akins,,,0,,,,,justin-akins-2,,,DL,,,,,,,,,,,,0.0,,2014,1,0.0,Middle Tennessee State,1,,,257,,,,0,,FR
justin-akins-2,2015,,6,,,,0,0,,10.0,6-4,1,0,,,Justin Akins,,,0,,,,,justin-akins-2,,,DL,,,,,,,,,,,,1.5,,2015,7,2.0,Middle Tennessee State,13,,,257,,,,0,0.0,SO
justin-akins-2,2016,,15,,,,0,0,,11.0,6-4,0,0,,,Justin Akins,,,4,,,,,justin-akins-2,,,DE,,,,,,,,,,,,0.0,,2016,12,0.0,Middle Tennessee State,27,,,257,,,,0,,JR
justin-akins-2,Career,,21,,,,0,0,,,6-4,1,0,,,Justin Akins,,,4,,,,,justin-akins-2,,,DE,,,,,,,,,,,,1.5,,Career,20,2.0,Middle Tennessee State,41,,,257,,,,0,0.0,
darrell-baptist-1,2014,,0,,,,0,0,,1.0,6-3,0,0,,,Darrell Baptist,,,0,,,,,darrell-baptist-1,,,LB,,,,,,,,,,,,0.0,,2014,1,0.0,Middle Tennessee State,1,,,236,,,,0,,SR
darrell-baptist-1,Career,,0,,,,0,0,,,6-3,0,0,,,Darrell Baptist,,,0,,,,,darrell-baptist-1,,,LB,,,,,,,,,,,,0.0,,Career,1,0.0,Middle Tennessee State,1,,,236,,,,0,,
tt-barber-1,2012,,15,,,,,,,10.0,6-1,1,0,,,T.T. Barber,,,,,,,,tt-barber-1,,0,LB,,,,,,,,,,,,0.0,,2012,28,3.5,Middle Tennessee State,43,0,,229,,,,0,0.0,FR
tt-barber-1,2013,,46,,0.0,0.0,3.0,3.0,,13.0,6-1,3,1,,0.0,T.T. Barber,,,2.0,,,,,tt-barber-1,,6,LB,0.0,,,,,,,,,,,3.0,,2013,73,11.5,Middle Tennessee State,119,1,,229,,,,55,18.3,SO
tt-barber-1,2014,,24,,0.0,0.0,2.0,0.0,,12.0,6-1,2,0,,0.0,T.T. Barber,,,1.0,,,,,tt-barber-1,,0,LB,0.0,,,,,,,,,,,1.0,,2014,50,7.5,Middle Tennessee State,74,0,,229,,,,22,11.0,JR
tt-barber-1,2015,,27,,0.0,0.0,0.0,1.0,,12.0,6-1,1,0,,0.0,T.T. Barber,,,3.0,,,,,tt-barber-1,,0,LB,0.0,,,,,,,,,,,4.0,,2015,62,11.5,Middle Tennessee State,89,0,,229,,,,0,0.0,SR
tt-barber-1,Career,,112,,0.0,0.0,5.0,4.0,,,6-1,7,1,,0.0,T.T. Barber,,,6.0,,,,,tt-barber-1,,6,LB,0.0,,,,,,,,,,,8.0,,Career,213,34.0,Middle Tennessee State,325,1,,229,,,,77,11.0,
leighton-gasque-1,2011,,3,,,,1,0,,12.0,6-2,,,,,Leighton Gasque,,,0,,,,,leighton-gasque-1,,,LB,,,,,,,,,,,,7.0,,2011,14,7.0,Middle Tennessee State,17,,,202,,,,,,FR
leighton-gasque-1,2012,,9,,,,0,0,0.0,,6-2,0.0,0.0,,,Leighton Gasque,,,0,,,,,leighton-gasque-1,,,LB,,,,,,,,,,,,4.0,,2012,13,4.5,Middle Tennessee State,22,,,202,,,0.0,0.0,,SO
leighton-gasque-1,2013,,8,,,,1,1,,11.0,6-2,0.0,0.0,,,Leighton Gasque,,,0,,,,,leighton-gasque-1,,,LB,,,,,,,,,,,,5.0,,2013,17,7.0,Middle Tennessee State,25,,,202,,,,0.0,,JR
leighton-gasque-1,2014,,3,,,,2,0,,9.0,6-2,0.0,0.0,,,Leighton Gasque,,,3,,,,,leighton-gasque-1,,,LB,,,,,,,,,,,,6.0,,2014,11,6.0,Middle Tennessee State,14,,,202,,,,0.0,,SR
leighton-gasque-1,Career,,23,,,,4,1,0.0,,6-2,0.0,0.0,,,Leighton Gasque,,,3,,,,,leighton-gasque-1,,,LB,,,,,,,,,,,,22.0,,Career,55,24.5,Middle Tennessee State,78,,,202,,,0.0,0.0,,
christian-henry-1,2011,,13,,,,0,0,,12.0,6-0,0.0,0.0,,,Christian Henry,,,0,,,,,christian-henry-1,,,LB,,,,,,,,,,,,0.0,,2011,23,0.0,Middle Tennessee State,36,,,229,,,,0.0,,FR
christian-henry-1,2012,,36,,,,0,0,0.0,,6-0,,,,,Christian Henry,,,3,,,,,christian-henry-1,,,LB,,,,,,,,,,,,0.0,,2012,15,1.0,Middle Tennessee State,51,,,229,,,0.0,,,SO
christian-henry-1,2013,,30,,,,2,0,,13.0,6-0,0.0,0.0,,,Christian Henry,,,1,,,,,christian-henry-1,,,LB,,,,,,,,,,,,1.0,,2013,49,1.5,Middle Tennessee State,79,,,229,,,,0.0,,JR
christian-henry-1,2014,,31,,,,0,1,,12.0,6-0,0.0,0.0,,,Christian Henry,,,1,,,,,christian-henry-1,,,LB,,,,,,,,,,,,0.5,,2014,44,0.5,Middle Tennessee State,75,,,229,,,,0.0,,SR
christian-henry-1,Career,,110,,,,2,1,0.0,,6-0,0.0,0.0,,,Christian Henry,,,5,,,,,christian-henry-1,,,LB,,,,,,,,,,,,1.5,,Career,131,3.0,Middle Tennessee State,241,,,229,,,0.0,0.0,,
cavellis-luckett-1,2014,,17,,,,1,1,,11.0,6-0,0,0,,,Cavellis Luckett,,,4,,,,,cavellis-luckett-1,,,LB,,,,,,,,,,,,2.0,,2014,48,3.0,Middle Tennessee State,65,,,254,,,,0,,JR
cavellis-luckett-1,2015,,27,,,,1,2,,13.0,6-0,0,0,,,Cavellis Luckett,,,1,,,,,cavellis-luckett-1,,,LB,,,,,,,,,,,,0.5,,2015,45,5.0,Middle Tennessee State,72,,,254,,,,0,,SR
cavellis-luckett-1,Career,,44,,,,2,3,,,6-0,0,0,,,Cavellis Luckett,,,5,,,,,cavellis-luckett-1,,,LB,,,,,,,,,,,,2.5,,Career,93,8.0,Middle Tennessee State,137,,,254,,,,0,,
james-roberson-2,2012,,7,,,,1,0,0.0,,6-0,,,,,James Roberson,,,0,,,,,james-roberson-2,,,DB,,,,,,,,,,,,0.0,,2012,6,0.0,Middle Tennessee State,13,,,220,,,0.0,,,FR
james-roberson-2,2013,,10,,,,2,1,,13.0,6-0,0.0,0.0,,,James Roberson,,,2,,,,,james-roberson-2,,,LB,,,,,,,,,,,,0.0,,2013,25,3.0,Middle Tennessee State,35,,,220,,,,0.0,,SO
james-roberson-2,2014,,11,,,,0,0,,11.0,6-0,0.0,0.0,,,James Roberson,,,1,,,,,james-roberson-2,,,LB,,,,,,,,,,,,1.0,,2014,15,1.0,Middle Tennessee State,26,,,220,,,,0.0,,JR
james-roberson-2,2015,,10,,,,0,0,,11.0,6-0,0.0,0.0,,,James Roberson,,,0,,,,,james-roberson-2,,,LB,,,,,,,,,,,,0.0,,2015,8,0.0,Middle Tennessee State,18,,,220,,,,0.0,,SR
james-roberson-2,Career,,38,,,,3,1,0.0,,6-0,0.0,0.0,,,James Roberson,,,3,,,,,james-roberson-2,,,LB,,,,,,,,,,,,1.0,,Career,54,4.0,Middle Tennessee State,92,,,220,,,0.0,0.0,,
dj-sanders-1,2014,,4,,0,0,0,0,,8.0,6-0,1,0,,0,D.J. Sanders,,,1,,,,,dj-sanders-1,,0,LB,0,,,,,,,,,,,0.0,,2014,11,0.0,Middle Tennessee State,15,0,,233,,,,0,0.0,FR
dj-sanders-1,2015,,15,,0,0,1,1,,12.0,6-0,1,1,,0,D.J. Sanders,,,1,,,,,dj-sanders-1,,6,LB,0,,,,,,,,,,,0.0,,2015,29,0.5,Middle Tennessee State,44,1,,233,,,,75,75.0,SO
dj-sanders-1,2016,,23,,0,0,3,0,,13.0,6-0,2,2,,0,D.J. Sanders,,,9,,,,,dj-sanders-1,,12,LB,0,,,,,,,,,,,2.0,,2016,43,4.5,Middle Tennessee State,66,2,,233,,,,68,34.0,JR
dj-sanders-1,2017,,40,,0,0,0,1,1.0,13.0,6-0,0,0,,0,D.J. Sanders,0.0,,2,,,,,dj-sanders-1,,6,LB,0,,,,,,,,,,,3.5,,2017,48,7.5,Middle Tennessee State,88,1,,233,,,,0,,SR
dj-sanders-1,Career,,82,,0,0,4,2,1.0,,6-0,4,3,,0,D.J. Sanders,0.0,,13,,,,,dj-sanders-1,,24,LB,0,,,,,,,,,,,5.5,,Career,131,12.5,Middle Tennessee State,213,4,,233,,,,143,35.8,
anfornee-stewart-1,2013,,0.0,,,,1.0,0.0,,5.0,6-1,0.0,0.0,,,Anfornee Stewart,,,2.0,,,,,anfornee-stewart-1,,,S,,,,,,,,,,,,0.0,,2013,8.0,0.0,Middle Tennessee State,8.0,,,211,,,,0.0,,FR
anfornee-stewart-1,2014,,4.0,,,,0.0,0.0,,3.0,6-1,0.0,0.0,,,Anfornee Stewart,,,0.0,,,,,anfornee-stewart-1,,,LB,,,,,,,,,,,,0.0,,2014,10.0,0.0,Middle Tennessee State,14.0,,,211,,,,0.0,,SO
anfornee-stewart-1,2015,,,,,,,,,,6-1,,,,,Anfornee Stewart,,,,,,,,anfornee-stewart-1,,,LB,,,,,,,,,,,,,,2015,,,Middle Tennessee State,,,,211,,,,,,JR
anfornee-stewart-1,Career,,4.0,,,,1.0,0.0,,,6-1,0.0,0.0,,,Anfornee Stewart,,,2.0,,,,,anfornee-stewart-1,,,LB,,,,,,,,,,,,0.0,,Career,18.0,0.0,Middle Tennessee State,22.0,,,211,,,,0.0,,
trey-wafford-1,2014,,18,,,,0,2,,12.0,5-10,0,0,,,Trey Wafford,,,2,,,,,trey-wafford-1,,,LB,,,,,,,,,,,,0.0,,2014,39,1.0,Middle Tennessee State,57,,,202,,,,0,,JR
trey-wafford-1,2015,,19,,,,0,0,,13.0,5-10,0,0,,,Trey Wafford,,,3,,,,,trey-wafford-1,,,LB,,,,,,,,,,,,3.0,,2015,34,7.5,Middle Tennessee State,53,,,202,,,,0,,SR
trey-wafford-1,Career,,37,,,,0,2,,,5-10,0,0,,,Trey Wafford,,,5,,,,,trey-wafford-1,,,LB,,,,,,,,,,,,3.0,,Career,73,8.5,Middle Tennessee State,110,,,202,,,,0,,
quay-watt-1,2014,,15,,,,0,0,,11.0,6-0,0,0,,,Quay Watt,,,1,,,,,quay-watt-1,,,LB,,,,,,,,,,,,0.0,,2014,24,1.0,Middle Tennessee State,39,,,214,,,,0,,JR
quay-watt-1,2015,,19,,,,0,1,,13.0,6-0,0,0,,,Quay Watt,,,3,,,,,quay-watt-1,,,S,,,,,,,,,,,,0.0,,2015,52,1.0,Middle Tennessee State,71,,,214,,,,0,,SR
quay-watt-1,Career,,34,,,,0,1,,,6-0,0,0,,,Quay Watt,,,4,,,,,quay-watt-1,,,S,,,,,,,,,,,,0.0,,Career,76,2.0,Middle Tennessee State,110,,,214,,,,0,,
ykeem-wells-1,2012,,2,,,,1,0,0.0,,6-0,,,,,Ykeem Wells,,,0,,,,,ykeem-wells-1,,,LB,,,,,,,,,,,,0.0,,2012,2,0.0,Middle Tennessee State,4,,,258,,,0.0,,,FR
ykeem-wells-1,2013,,7,,,,0,0,,8.0,6-0,0.0,0.0,,,Ykeem Wells,,,0,,,,,ykeem-wells-1,,,LB,,,,,,,,,,,,0.0,,2013,7,2.0,Middle Tennessee State,14,,,258,,,,0.0,,SO
ykeem-wells-1,2014,,1,,,,0,0,,3.0,6-0,0.0,0.0,,,Ykeem Wells,,,0,,,,,ykeem-wells-1,,,LB,,,,,,,,,,,,0.0,,2014,4,0.0,Middle Tennessee State,5,,,258,,,,0.0,,JR
ykeem-wells-1,2015,,1,,,,0,0,,5.0,6-0,0.0,0.0,,,Ykeem Wells,,,0,,,,,ykeem-wells-1,,,DE,,,,,,,,,,,,0.0,,2015,4,0.0,Middle Tennessee State,5,,,258,,,,0.0,,SR
ykeem-wells-1,Career,,11,,,,1,0,0.0,,6-0,0.0,0.0,,,Ykeem Wells,,,0,,,,,ykeem-wells-1,,,DE,,,,,,,,,,,,0.0,,Career,17,2.0,Middle Tennessee State,28,,,258,,,0.0,0.0,,
chase-pennycuff-1,2012,,,,,,,,,11.0,6-0,,,,,Chase Pennycuff,,,,,,,,chase-pennycuff-1,1,,RB,,,,,,,1,0,3,3.0,0,,,2012,,,Middle Tennessee State,,,,271,3,3.0,,,,FR
chase-pennycuff-1,2013,,0.0,,,,0.0,0.0,,1.0,6-0,0.0,0.0,,,Chase Pennycuff,,,0.0,,,,,chase-pennycuff-1,0,,FB,,,0.0,0.0,,0.0,0,0,0,,0,0.0,,2013,0.0,0.0,Middle Tennessee State,0.0,,,271,0,,,0.0,,SO
chase-pennycuff-1,2014,,3.0,,,,0.0,0.0,,6.0,6-0,0.0,0.0,,,Chase Pennycuff,,,0.0,,,,,chase-pennycuff-1,1,,FB,,,0.0,9.0,9.0,1.0,0,0,0,,0,0.0,,2014,1.0,0.0,Middle Tennessee State,4.0,,,271,9,9.0,,0.0,,JR
chase-pennycuff-1,2015,,0.0,,,,0.0,0.0,,2.0,6-0,0.0,0.0,,,Chase Pennycuff,,,0.0,,,,,chase-pennycuff-1,1,,FB,,,0.0,0.0,,0.0,1,0,2,2.0,0,0.0,,2015,0.0,0.0,Middle Tennessee State,0.0,,,271,2,2.0,,0.0,,SR
chase-pennycuff-1,Career,,3.0,,,,0.0,0.0,,,6-0,0.0,0.0,,,Chase Pennycuff,,,0.0,,,,,chase-pennycuff-1,3,,FB,,,0.0,9.0,9.0,1.0,2,0,5,2.5,0,0.0,,Career,1.0,0.0,Middle Tennessee State,4.0,,,271,14,4.7,,0.0,,
shon-akins-1,2014,,3,,,,0,0,,7.0,5-9,1,0,,,Shon Akins,,,3,,,,,shon-akins-1,,,CB,,,,,,,,,,,,0.0,,2014,12,0.0,Middle Tennessee State,15,,,180,,,,0,0.0,FR
shon-akins-1,Career,,3,,,,0,0,,,5-9,1,0,,,Shon Akins,,,3,,,,,shon-akins-1,,,CB,,,,,,,,,,,,0.0,,Career,12,0.0,Middle Tennessee State,15,,,180,,,,0,0.0,
alexandro-antoine-1,2012,,3,,,,0,0,0.0,,6-1,,,,,Alexandro Antoine,,,0,,,,,alexandro-antoine-1,,,DL,,,,,,,,,,,,0.0,,2012,5,1.5,Middle Tennessee State,8,,,241,,,0.0,,,FR
alexandro-antoine-1,2013,,15,,,,0,0,,13.0,6-1,0.0,0.0,,,Alexandro Antoine,,,0,,,,,alexandro-antoine-1,,,DE,,,,,,,,,,,,2.0,,2013,15,2.0,Middle Tennessee State,30,,,241,,,,0.0,,SO
alexandro-antoine-1,2014,,7,,,,0,0,,6.0,6-1,0.0,0.0,,,Alexandro Antoine,,,0,,,,,alexandro-antoine-1,,,DE,,,,,,,,,,,,0.5,,2014,9,2.0,Middle Tennessee State,16,,,241,,,,0.0,,JR
alexandro-antoine-1,2015,,9,,,,0,0,,9.0,6-1,0.0,0.0,,,Alexandro Antoine,,,0,,,,,alexandro-antoine-1,,,DE,,,,,,,,,,,,0.0,,2015,9,2.0,Middle Tennessee State,18,,,241,,,,0.0,,SR
alexandro-antoine-1,Career,,34,,,,0,0,0.0,,6-1,0.0,0.0,,,Alexandro Antoine,,,0,,,,,alexandro-antoine-1,,,DE,,,,,,,,,,,,2.5,,Career,38,7.5,Middle Tennessee State,72,,,241,,,0.0,0.0,,
shubert-bastien-1,2011,,8,,,,2,1,,12.0,6-5,0.0,0.0,,,Shubert Bastien,,,0,,,,,shubert-bastien-1,,,DL,,,,,,,,,,,,0.0,,2011,25,4.5,Middle Tennessee State,33,,,252,,,,0.0,,FR
shubert-bastien-1,2012,,10,,,,2,0,0.0,,6-5,,,,,Shubert Bastien,,,1,,,,,shubert-bastien-1,,,DL,,,,,,,,,,,,3.0,,2012,19,6.0,Middle Tennessee State,29,,,252,,,0.0,,,SO
shubert-bastien-1,2013,,7,,,,1,0,,13.0,6-5,0.0,0.0,,,Shubert Bastien,,,0,,,,,shubert-bastien-1,,,DE,,,,,,,,,,,,1.5,,2013,14,2.0,Middle Tennessee State,21,,,252,,,,0.0,,JR
shubert-bastien-1,2014,,14,,,,1,0,,11.0,6-5,0.0,0.0,,,Shubert Bastien,,,1,,,,,shubert-bastien-1,,,DE,,,,,,,,,,,,5.5,,2014,25,10.0,Middle Tennessee State,39,,,252,,,,0.0,,SR
shubert-bastien-1,Career,,39,,,,6,1,0.0,,6-5,0.0,0.0,,,Shubert Bastien,,,2,,,,,shubert-bastien-1,,,DE,,,,,,,,,,,,10.0,,Career,83,22.5,Middle Tennessee State,122,,,252,,,0.0,0.0,,
derious-bennett-1,2013,,5,,,,0,0,,7.0,6-1,0,0,,,Derious Bennett,,,0,,,,,derious-bennett-1,,,DT,,,,,,,,,,,,0.0,,2013,5,0.0,Middle Tennessee State,10,,,315,,,,0,,FR
derious-bennett-1,2014,,3,,,,0,0,,6.0,6-1,0,0,,,Derious Bennett,,,0,,,,,derious-bennett-1,,,DT,,,,,,,,,,,,0.0,,2014,4,0.5,Middle Tennessee State,7,,,315,,,,0,,SO
derious-bennett-1,2015,,6,,,,0,0,,5.0,6-1,0,0,,,Derious Bennett,,,0,,,,,derious-bennett-1,,,DT,,,,,,,,,,,,0.0,,2015,4,0.0,Middle Tennessee State,10,,,315,,,,0,,JR
derious-bennett-1,Career,,14,,,,0,0,,,6-1,0,0,,,Derious Bennett,,,0,,,,,derious-bennett-1,,,DT,,,,,,,,,,,,0.0,,Career,13,0.5,Middle Tennessee State,27,,,315,,,,0,,
keemem-berry-1,2014,,0,,,,0,0,,1.0,5-9,0,0,,,Keemem Berry,,,0,,,,,keemem-berry-1,,,CB,,,,,,,,,,,,0.0,,2014,1,0.0,Middle Tennessee State,1,,,184,,,,0,,SR
keemem-berry-1,Career,,0,,,,0,0,,,5-9,0,0,,,Keemem Berry,,,0,,,,,keemem-berry-1,,,CB,,,,,,,,,,,,0.0,,Career,1,0.0,Middle Tennessee State,1,,,184,,,,0,,
oshae-bridges-1,2012,,0,,,,1,0,0.0,,6-2,,,,,O'Shae Bridges,,,0,,,,,oshae-bridges-1,,,DL,,,,,,,,,,,,1.0,,2012,3,1.0,Middle Tennessee State,3,,,239,,,0.0,,,SO
oshae-bridges-1,2013,,3,,,,0,0,,4.0,6-2,0.0,0.0,,,O'Shae Bridges,,,0,,,,,oshae-bridges-1,,,DT,,,,,,,,,,,,0.0,,2013,1,0.0,Middle Tennessee State,4,,,239,,,,0.0,,SO
oshae-bridges-1,2014,,1,,,,0,0,,3.0,6-2,0.0,0.0,,,O'Shae Bridges,,,0,,,,,oshae-bridges-1,,,DT,,,,,,,,,,,,0.0,,2014,1,0.0,Middle Tennessee State,2,,,239,,,,0.0,,JR
oshae-bridges-1,Career,,4,,,,1,0,0.0,,6-2,0.0,0.0,,,O'Shae Bridges,,,0,,,,,oshae-bridges-1,,,DT,,,,,,,,,,,,1.0,,Career,5,1.0,Middle Tennessee State,9,,,239,,,0.0,0.0,,
chris-brown-12,2013,,8,,,,0,1,,6.0,6-1,0,0,,,Chris Brown,,,2,,,,,chris-brown-12,,,S,,,,,,,,,,,,0.0,,2013,9,0.0,Middle Tennessee State,17,,,174,,,,0,,FR
chris-brown-12,2014,,6,,,,0,0,,8.0,6-1,1,0,,,Chris Brown,,,1,,,,,chris-brown-12,,,S,,,,,,,,,,,,0.0,,2014,16,0.0,Middle Tennessee State,22,,,174,,,,0,0.0,SO
chris-brown-12,2015,,5,,,,0,0,,8.0,6-1,0,0,,,Chris Brown,,,0,,,,,chris-brown-12,,,CB,,,,,,,,,,,,0.0,,2015,8,0.0,Middle Tennessee State,13,,,174,,,,0,,JR
chris-brown-12,2016,,2,,,,0,0,,7.0,6-1,0,0,,,Chris Brown,,,0,,,,,chris-brown-12,,,S,,,,,,,,,,,,0.0,,2016,8,0.0,Middle Tennessee State,10,,,174,,,,0,,SR
chris-brown-12,Career,,21,,,,0,1,,,6-1,1,0,,,Chris Brown,,,3,,,,,chris-brown-12,,,S,,,,,,,,,,,,0.0,,Career,41,0.0,Middle Tennessee State,62,,,174,,,,0,0.0,
khari-burke-1,2011,,4,,,,0,0,,12.0,5-8,0.0,0.0,,,Khari Burke,,,0,,,,,khari-burke-1,,,DB,,,,,,,,,,,,0.0,,2011,6,0.0,Middle Tennessee State,10,,,175,,,,0.0,,FR
khari-burke-1,2012,,15,,,,0,0,0.0,,5-8,,,,,Khari Burke,,,1,,,,,khari-burke-1,,,DB,,,,,,,,,,,,0.0,,2012,30,2.0,Middle Tennessee State,45,,,175,,,0.0,,,SO
khari-burke-1,2013,,4,,,,0,0,,6.0,5-8,0.0,0.0,,,Khari Burke,,,1,,,,,khari-burke-1,,,CB,,,,,,,,,,,,0.0,,2013,7,0.5,Middle Tennessee State,11,,,175,,,,0.0,,JR
khari-burke-1,2014,,16,,,,0,0,,10.0,5-8,0.0,0.0,,,Khari Burke,,,10,,,,,khari-burke-1,,,CB,,,,,,,,,,,,0.0,,2014,27,1.0,Middle Tennessee State,43,,,175,,,,0.0,,SR
khari-burke-1,Career,,39,,,,0,0,0.0,,5-8,0.0,0.0,,,Khari Burke,,,12,,,,,khari-burke-1,,,CB,,,,,,,,,,,,0.0,,Career,70,3.5,Middle Tennessee State,109,,,175,,,0.0,0.0,,
kevin-byard-1,2012,,26,,,,,,,12.0,5-11,4,2,,,Kevin Byard,,,,,,,,kevin-byard-1,,12,DB,,,,,,,,,,,,0.0,,2012,48,0.0,Middle Tennessee State,74,2,,226,,,,167,41.8,FR
kevin-byard-1,2013,,45,,0.0,0.0,1.0,1.0,,13.0,5-11,5,2,,0.0,Kevin Byard,,,5.0,,,,,kevin-byard-1,,12,S,0.0,,,,,,,,,,,0.0,,2013,61,2.0,Middle Tennessee State,106,2,,226,,,,159,31.8,SO
kevin-byard-1,2014,,28,,0.0,0.0,2.0,0.0,,12.0,5-11,6,0,,0.0,Kevin Byard,,,4.0,,,,,kevin-byard-1,,6,S,1.0,,,,,,,,,,,0.0,,2014,44,3.0,Middle Tennessee State,72,1,,226,,,,1,0.2,JR
kevin-byard-1,2015,,23,,0.0,0.0,0.0,0.0,,11.0,5-11,4,0,,0.0,Kevin Byard,,,6.0,,,,,kevin-byard-1,,0,S,0.0,,,,,,,,,,,0.0,,2015,43,1.0,Middle Tennessee State,66,0,,226,,,,50,12.5,SR
kevin-byard-1,Career,,122,,0.0,0.0,3.0,1.0,,,5-11,19,4,,0.0,Kevin Byard,,,15.0,,,,,kevin-byard-1,,30,S,1.0,,,,,,,,,,,0.0,,Career,196,6.0,Middle Tennessee State,318,5,,226,,,,377,19.8,
cody-clark-1,2013,,,,46,12,,,,13.0,6-1,,,,0,Cody Clark,,,,,,,,cody-clark-1,,82,K,0,,,,,,,,,,,,,2013,,,Middle Tennessee State,,0,,180,,,,,,FR
cody-clark-1,2014,,,,46,9,,,,12.0,6-1,,,,0,Cody Clark,,,,,,,,cody-clark-1,,73,K,0,,,,,,,,,,,,,2014,,,Middle Tennessee State,,0,,180,,,,,,SO
cody-clark-1,2015,,,,56,12,,,,13.0,6-1,,,,0,Cody Clark,,,,,,,,cody-clark-1,,92,K,0,,,,,,,,,,,,,2015,,,Middle Tennessee State,,0,,180,,,,,,JR
cody-clark-1,Career,,,,148,33,,,,,6-1,,,,0,Cody Clark,,,,,,,,cody-clark-1,,247,K,0,,,,,,,,,,,,,Career,,,Middle Tennessee State,,0,,180,,,,,,
alex-dale-1,2014,,0,,0,0,0,0,,1.0,5-10,0,0,,0,Alex Dale,,,2,,,,,alex-dale-1,,0,CB,0,,,,,,,,,,,0.0,,2014,0,0.0,Middle Tennessee State,0,0,,200,,,,0,,SO
alex-dale-1,2015,,5,,0,0,3,0,,13.0,5-10,2,1,,0,Alex Dale,,,2,,,,,alex-dale-1,,6,CB,0,,,,,,,,,,,1.0,,2015,14,2.0,Middle Tennessee State,19,1,,200,,,,34,17.0,JR
alex-dale-1,2016,,19,,0,0,1,0,,10.0,5-10,0,0,,0,Alex Dale,,,5,,,,,alex-dale-1,,0,S,0,,,,,,,,,,,0.0,,2016,42,0.5,Middle Tennessee State,61,0,,200,,,,0,,JR
alex-dale-1,2017,,4,,0,0,0,0,,8.0,5-10,0,0,,0,Alex Dale,,,0,,,,,alex-dale-1,,0,S,0,,,,,,,,,,,0.0,,2017,9,1.0,Middle Tennessee State,13,0,,200,,,,0,,SR
alex-dale-1,Career,,28,,0,0,4,0,,,5-10,2,1,,0,Alex Dale,,,9,,,,,alex-dale-1,,6,S,0,,,,,,,,,,,1.0,,Career,65,3.5,Middle Tennessee State,93,1,,200,,,,34,17.0,
raynard-felton-1,2013,,2,,,,0,0,,2.0,6-4,0,0,,,Raynard Felton,,,0,,,,,raynard-felton-1,,,DE,,,,,,,,,,,,0.0,,2013,2,0.0,Middle Tennessee State,4,,,267,,,,0,,FR
raynard-felton-1,2014,,7,,,,1,0,,10.0,6-4,0,0,,,Raynard Felton,,,0,,,,,raynard-felton-1,,,DT,,,,,,,,,,,,0.0,,2014,10,0.0,Middle Tennessee State,17,,,267,,,,0,,SO
raynard-felton-1,2015,,12,,,,1,0,,12.0,6-4,0,0,,,Raynard Felton,,,2,,,,,raynard-felton-1,,,DT,,,,,,,,,,,,0.5,,2015,14,3.5,Middle Tennessee State,26,,,267,,,,0,,JR
raynard-felton-1,2016,,20,,,,1,0,,12.0,6-4,1,0,,,Raynard Felton,,,3,,,,,raynard-felton-1,,,DT,,,,,,,,,,,,2.5,,2016,12,6.5,Middle Tennessee State,32,,,267,,,,19,19.0,SR
raynard-felton-1,Career,,41,,,,3,0,,,6-4,1,0,,,Raynard Felton,,,5,,,,,raynard-felton-1,,,DT,,,,,,,,,,,,3.0,,Career,38,10.0,Middle Tennessee State,79,,,267,,,,19,19.0,
matthew-foster-1,2014,,0,,,,0,0,,1.0,6-3,0,0,,,Matthew Foster,,,0,,,,,matthew-foster-1,,,DE,,,,,,,,,,,,0.0,,2014,1,0.0,Middle Tennessee State,1,,,248,,,,0,,FR
matthew-foster-1,Career,,0,,,,0,0,,,6-3,0,0,,,Matthew Foster,,,0,,,,,matthew-foster-1,,,DE,,,,,,,,,,,,0.0,,Career,1,0.0,Middle Tennessee State,1,,,248,,,,0,,
jordan-frost-dixon-1,2014,,2,,,,0,0,,2.0,5-11,0,0,,,Jordan Frost-Dixon,,,0,,,,,jordan-frost-dixon-1,,,CB,,,,,,,,,,,,0.0,,2014,4,0.0,Middle Tennessee State,6,,,205,,,,0,,JR
jordan-frost-dixon-1,2015,,1,,,,0,0,,1.0,5-11,0,0,,,Jordan Frost-Dixon,,,0,,,,,jordan-frost-dixon-1,,,CB,,,,,,,,,,,,0.0,,2015,0,0.0,Middle Tennessee State,1,,,205,,,,0,,SR
jordan-frost-dixon-1,Career,,3,,,,0,0,,,5-11,0,0,,,Jordan Frost-Dixon,,,0,,,,,jordan-frost-dixon-1,,,CB,,,,,,,,,,,,0.0,,Career,4,0.0,Middle Tennessee State,7,,,205,,,,0,,
chris-hale-2,2013,,2,,,,0,0,,5.0,6-4,0,0,,,Chris Hale,,,0,,,,,chris-hale-2,,,DE,,,,,,,,,,,,0.0,,2013,8,1.0,Middle Tennessee State,10,,,259,,,,0,,FR
chris-hale-2,2014,,7,,,,0,0,,7.0,6-4,0,0,,,Chris Hale,,,1,,,,,chris-hale-2,,,DE,,,,,,,,,,,,1.0,,2014,7,2.0,Middle Tennessee State,14,,,259,,,,0,,SO
chris-hale-2,2015,,11,,,,1,0,,11.0,6-4,0,0,,,Chris Hale,,,0,,,,,chris-hale-2,,,DE,,,,,,,,,,,,3.5,,2015,17,6.0,Middle Tennessee State,28,,,259,,,,0,,JR
chris-hale-2,2016,,10,,,,0,0,,11.0,6-4,0,0,,,Chris Hale,,,1,,,,,chris-hale-2,,,DE,,,,,,,,,,,,1.0,,2016,15,1.0,Middle Tennessee State,25,,,259,,,,0,,SR
chris-hale-2,Career,,30,,,,1,0,,,6-4,0,0,,,Chris Hale,,,2,,,,,chris-hale-2,,,DE,,,,,,,,,,,,5.5,,Career,47,10.0,Middle Tennessee State,77,,,259,,,,0,,
jamarcus-howard-1,2014,,1,,,,0,0,,3.0,6-0,0,0,,,Jamarcus Howard,,,0,,,,,jamarcus-howard-1,,,CB,,,,,,,,,,,,0.0,,2014,3,0.0,Middle Tennessee State,4,,,185,,,,0,,JR
jamarcus-howard-1,2015,,6,,,,0,0,,10.0,6-0,2,0,,,Jamarcus Howard,,,3,,,,,jamarcus-howard-1,,,CB,,,,,,,,,,,,0.0,,2015,22,2.5,Middle Tennessee State,28,,,185,,,,17,8.5,SR
jamarcus-howard-1,Career,,7,,,,0,0,,,6-0,2,0,,,Jamarcus Howard,,,3,,,,,jamarcus-howard-1,,,CB,,,,,,,,,,,,0.0,,Career,25,2.5,Middle Tennessee State,32,,,185,,,,17,8.5,
shaquille-huff-1,2013,,14,,,,0,0,,11.0,6-1,0,0,,,Shaquille Huff,,,0,,,,,shaquille-huff-1,,,DT,,,,,,,,,,,,2.0,,2013,14,8.0,Middle Tennessee State,28,,,330,,,,0,,FR
shaquille-huff-1,2014,,10,,,,1,0,,11.0,6-1,0,0,,,Shaquille Huff,,,0,,,,,shaquille-huff-1,,,DT,,,,,,,,,,,,2.0,,2014,20,5.0,Middle Tennessee State,30,,,330,,,,0,,SO
shaquille-huff-1,2015,,8,,,,1,1,,13.0,6-1,0,0,,,Shaquille Huff,,,0,,,,,shaquille-huff-1,,,DT,,,,,,,,,,,,1.0,,2015,15,6.0,Middle Tennessee State,23,,,330,,,,0,,JR
shaquille-huff-1,2016,,16,,,,1,0,,9.0,6-1,0,0,,,Shaquille Huff,,,1,,,,,shaquille-huff-1,,,DT,,,,,,,,,,,,2.0,,2016,11,7.5,Middle Tennessee State,27,,,330,,,,0,,SR
shaquille-huff-1,Career,,48,,,,3,1,,,6-1,0,0,,,Shaquille Huff,,,1,,,,,shaquille-huff-1,,,DT,,,,,,,,,,,,7.0,,Career,60,26.5,Middle Tennessee State,108,,,330,,,,0,,
jahmal-jones-1,2013,,0.0,,,,0.0,0.0,,1.0,6-3,0.0,0.0,,,Jahmal Jones,,,0.0,,,,,jahmal-jones-1,,,DE,,,,,,,,,,,,0.0,,2013,0.0,0.0,Middle Tennessee State,0.0,,,253,,,,0.0,,FR
jahmal-jones-1,2014,,9.0,,,,0.0,0.0,,7.0,6-3,0.0,0.0,,,Jahmal Jones,,,0.0,,,,,jahmal-jones-1,,,DE,,,,,,,,,,,,0.0,,2014,8.0,0.0,Middle Tennessee State,17.0,,,253,,,,0.0,,FR
jahmal-jones-1,2015,,,,,,,,,,6-3,,,,,Jahmal Jones,,,,,,,,jahmal-jones-1,,,DE,,,,,,,,,,,,,,2015,,,Middle Tennessee State,,,,253,,,,,,SO
jahmal-jones-1,2016,,12.0,,,,0.0,0.0,,9.0,6-3,0.0,0.0,,,Jahmal Jones,,,0.0,,,,,jahmal-jones-1,,,DE,,,,,,,,,,,,0.0,,2016,9.0,0.0,Middle Tennessee State,21.0,,,253,,,,0.0,,JR
jahmal-jones-1,2017,,19.0,,,,0.0,0.0,,12.0,6-3,0.0,0.0,,,Jahmal Jones,,,1.0,,,,,jahmal-jones-1,,,DE,,,,,,,,,,,,1.5,,2017,15.0,5.0,Middle Tennessee State,34.0,,,253,,,,0.0,,SR
jahmal-jones-1,2018,,21.0,,,,1.0,1.0,,14.0,6-3,0.0,0.0,,,Jahmal Jones,,,0.0,,,,,jahmal-jones-1,,,DE,,,,,,,,,,,,3.0,,2018,24.0,8.0,Middle Tennessee State,45.0,,,253,,,,0.0,,SR
jahmal-jones-1,Career,,61.0,,,,1.0,1.0,,,6-3,0.0,0.0,,,Jahmal Jones,,,1.0,,,,,jahmal-jones-1,,,DE,,,,,,,,,,,,4.5,,Career,56.0,13.0,Middle Tennessee State,117.0,,,253,,,,0.0,,
john-kelly-2,2013,,3,,,,0,0,,5.0,5-11,0,0,,,John Kelly,,,0,,,,,john-kelly-2,,,CB,,,,,,,,,,,,0.0,,2013,3,0.0,Middle Tennessee State,6,,,185,,,,0,,JR
john-kelly-2,2014,,9,,,,0,0,,8.0,5-11,0,0,,,John Kelly,,,0,,,,,john-kelly-2,,,CB,,,,,,,,,,,,0.0,,2014,4,0.0,Middle Tennessee State,13,,,185,,,,0,,SR
john-kelly-2,Career,,12,,,,0,0,,,5-11,0,0,,,John Kelly,,,0,,,,,john-kelly-2,,,CB,,,,,,,,,,,,0.0,,Career,7,0.0,Middle Tennessee State,19,,,185,,,,0,,
patrick-martin-2,2014,,0,,,,0,0,,1.0,6-1,0,0,,,Patrick Martin,,,0,,,,,patrick-martin-2,,,S,,,,,,,,,,,,0.0,,2014,2,0.0,Middle Tennessee State,2,,,214,,,,0,,JR
patrick-martin-2,Career,,0,,,,0,0,,,6-1,0,0,,,Patrick Martin,,,0,,,,,patrick-martin-2,,,S,,,,,,,,,,,,0.0,,Career,2,0.0,Middle Tennessee State,2,,,214,,,,0,,
jimal-mcbride-1,2013,,10,,,,0,0,,8.0,6-2,0,0,,,Jimal McBride,,,0,,,,,jimal-mcbride-1,,,DT,,,,,,,,,,,,1.0,,2013,17,5.0,Middle Tennessee State,27,,,319,,,,0,,FR
jimal-mcbride-1,2014,,9,,,,0,0,,10.0,6-2,0,0,,,Jimal McBride,,,1,,,,,jimal-mcbride-1,,,DT,,,,,,,,,,,,2.5,,2014,17,4.5,Middle Tennessee State,26,,,319,,,,0,,SO
jimal-mcbride-1,2015,,7,,,,0,0,,9.0,6-2,0,0,,,Jimal McBride,,,0,,,,,jimal-mcbride-1,,,DT,,,,,,,,,,,,0.0,,2015,7,0.0,Middle Tennessee State,14,,,319,,,,0,,JR
jimal-mcbride-1,2016,,13,,,,0,0,,9.0,6-2,0,0,,,Jimal McBride,,,1,,,,,jimal-mcbride-1,,,DT,,,,,,,,,,,,0.0,,2016,12,2.0,Middle Tennessee State,25,,,319,,,,0,,SR
jimal-mcbride-1,Career,,39,,,,0,0,,,6-2,0,0,,,Jimal McBride,,,2,,,,,jimal-mcbride-1,,,DT,,,,,,,,,,,,3.5,,Career,53,11.5,Middle Tennessee State,92,,,319,,,,0,,
patrick-mcneil-1,2010,,2,,,,0,0,,2.0,6-1,0.0,0.0,,,Patrick McNeil,,,0,,,,,patrick-mcneil-1,,,DL,,,,,,,,,,,,0.0,,2010,1,0.0,Middle Tennessee State,3,,,320,,,,0.0,,FR
patrick-mcneil-1,2012,,11,,,,0,0,0.0,,6-1,,,,,Patrick McNeil,,,1,,,,,patrick-mcneil-1,,,DL,,,,,,,,,,,,0.0,,2012,13,2.0,Middle Tennessee State,24,,,320,,,0.0,,,SO
patrick-mcneil-1,2013,,16,,,,1,0,,13.0,6-1,0.0,0.0,,,Patrick McNeil,,,0,,,,,patrick-mcneil-1,,,DT,,,,,,,,,,,,2.0,,2013,19,3.0,Middle Tennessee State,35,,,320,,,,0.0,,JR
patrick-mcneil-1,2014,,6,,,,0,0,,8.0,6-1,0.0,0.0,,,Patrick McNeil,,,0,,,,,patrick-mcneil-1,,,DT,,,,,,,,,,,,1.0,,2014,8,2.0,Middle Tennessee State,14,,,320,,,,0.0,,SR
patrick-mcneil-1,2015,,7,,,,0,0,,9.0,6-1,0.0,0.0,,,Patrick McNeil,,,0,,,,,patrick-mcneil-1,,,DT,,,,,,,,,,,,2.5,,2015,8,2.5,Middle Tennessee State,15,,,320,,,,0.0,,SR
patrick-mcneil-1,Career,,42,,,,1,0,0.0,,6-1,0.0,0.0,,,Patrick McNeil,,,1,,,,,patrick-mcneil-1,,,DT,,,,,,,,,,,,5.5,,Career,49,9.5,Middle Tennessee State,91,,,320,,,0.0,0.0,,
michael-minter-1,2014,,1,,,,0,0,,1.0,6-0,0,0,,,Michael Minter,,,1,,,,,michael-minter-1,,,CB,,,,,,,,,,,,0.0,,2014,0,0.0,Middle Tennessee State,1,,,175,,,,0,,FR
michael-minter-1,2015,,12,,,,1,0,,11.0,6-0,1,0,,,Michael Minter,,,8,,,,,michael-minter-1,,,CB,,,,,,,,,,,,1.0,,2015,43,6.0,Middle Tennessee State,55,,,175,,,,7,7.0,SO
michael-minter-1,2016,,13,,,,0,1,,13.0,6-0,2,0,,,Michael Minter,,,10,,,,,michael-minter-1,,,CB,,,,,,,,,,,,0.0,,2016,36,0.0,Middle Tennessee State,49,,,175,,,,58,29.0,JR
michael-minter-1,2017,,5,,,,0,0,,12.0,6-0,1,0,,,Michael Minter,,,9,,,,,michael-minter-1,,,CB,,,,,,,,,,,,0.0,,2017,42,4.0,Middle Tennessee State,47,,,175,,,,24,24.0,SR
michael-minter-1,Career,,31,,,,1,1,,,6-0,4,0,,,Michael Minter,,,28,,,,,michael-minter-1,,,CB,,,,,,,,,,,,1.0,,Career,121,10.0,Middle Tennessee State,152,,,175,,,,89,22.3,
darryl-randolph-1,2014,,0,,,,0,0,,2.0,5-11,0,0,,,Darryl Randolph,,,0,,,,,darryl-randolph-1,,,CB,,,,,,,,,,,,0.0,,2014,2,0.0,Middle Tennessee State,2,,,181,,,,0,,FR
darryl-randolph-1,2015,,1,,,,0,0,,6.0,5-11,0,0,,,Darryl Randolph,,,3,,,,,darryl-randolph-1,,,CB,,,,,,,,,,,,0.0,,2015,7,0.0,Middle Tennessee State,8,,,181,,,,0,,FR
darryl-randolph-1,2016,,25,,,,0,0,,11.0,5-11,0,0,,,Darryl Randolph,,,2,,,,,darryl-randolph-1,,,S,,,,,,,,,,,,0.0,,2016,38,2.5,Middle Tennessee State,63,,,181,,,,0,,SO
darryl-randolph-1,2017,,20,,,,1,0,,13.0,5-11,0,0,,,Darryl Randolph,,,2,,,,,darryl-randolph-1,,,CB,,,,,,,,,,,,1.0,,2017,28,6.0,Middle Tennessee State,48,,,181,,,,0,,JR
darryl-randolph-1,2018,,15,,,,0,0,,12.0,5-11,1,0,,,Darryl Randolph,,,11,,,,,darryl-randolph-1,,,CB,,,,,,,,,,,,0.0,,2018,33,0.5,Middle Tennessee State,48,,,181,,,,0,0.0,SR
darryl-randolph-1,Career,,61,,,,1,0,,,5-11,1,0,,,Darryl Randolph,,,18,,,,,darryl-randolph-1,,,CB,,,,,,,,,,,,1.0,,Career,108,9.0,Middle Tennessee State,169,,,181,,,,0,0.0,
steve-rhodes-2,2013,,3,,,,0,0,,6.0,6-3,0,0,,,Steve Rhodes,,,0,,,,,steve-rhodes-2,,,DE,,,,,,,,,,,,0.5,,2013,7,0.5,Middle Tennessee State,10,,,268,,,,0,,FR
steve-rhodes-2,2014,,12,,,,1,0,,12.0,6-3,0,0,,,Steve Rhodes,,,0,,,,,steve-rhodes-2,,,DE,,,,,,,,,,,,2.0,,2014,15,3.0,Middle Tennessee State,27,,,268,,,,0,,SO
steve-rhodes-2,2015,,12,,,,1,1,,11.0,6-3,0,0,,,Steve Rhodes,,,0,,,,,steve-rhodes-2,,,DE,,,,,,,,,,,,2.5,,2015,23,6.0,Middle Tennessee State,35,,,268,,,,0,,JR
steve-rhodes-2,2016,,15,,,,1,1,,13.0,6-3,0,0,,,Steve Rhodes,,,2,,,,,steve-rhodes-2,,,DE,,,,,,,,,,,,4.5,,2016,26,8.0,Middle Tennessee State,41,,,268,,,,0,,SR
steve-rhodes-2,Career,,42,,,,3,2,,,6-3,0,0,,,Steve Rhodes,,,2,,,,,steve-rhodes-2,,,DE,,,,,,,,,,,,9.5,,Career,71,17.5,Middle Tennessee State,113,,,268,,,,0,,
chris-sharpe-1,2011,,0,,,,0.0,0.0,,9.0,5-11,0,0,,,Chris Sharpe,,,0.0,,,,,chris-sharpe-1,,,DB,,,,,,,,,,,,0.0,,2011,1,0.0,Middle Tennessee State,1,,,185,,,,0,,FR
chris-sharpe-1,2012,,5,,,,,,,12.0,5-11,1,0,,,Chris Sharpe,,,,,,,,chris-sharpe-1,,,DB,,,,,,,,,,,,0.0,,2012,23,1.0,Middle Tennessee State,28,,,185,,,,0,0.0,SO
chris-sharpe-1,2013,,3,,,,0.0,0.0,,4.0,5-11,1,0,,,Chris Sharpe,,,1.0,,,,,chris-sharpe-1,,,CB,,,,,,,,,,,,1.0,,2013,5,2.0,Middle Tennessee State,8,,,185,,,,0,0.0,JR
chris-sharpe-1,2014,,0,,,,0.0,0.0,,2.0,5-11,0,0,,,Chris Sharpe,,,0.0,,,,,chris-sharpe-1,,,CB,,,,,,,,,,,,0.0,,2014,2,0.0,Middle Tennessee State,2,,,185,,,,0,,SR
chris-sharpe-1,Career,,8,,,,0.0,0.0,,,5-11,2,0,,,Chris Sharpe,,,1.0,,,,,chris-sharpe-1,,,CB,,,,,,,,,,,,1.0,,Career,31,3.0,Middle Tennessee State,39,,,185,,,,0,0.0,
jared-singletary-1,2012,,0,,,,,,,7.0,5-8,,,,,Jared Singletary,,,,,,,,jared-singletary-1,,,DB,,,,,,,,,,,,0.0,,2012,3,0.0,Middle Tennessee State,3,,,173,,,,,,FR
jared-singletary-1,2013,,10,,,,0.0,1.0,,10.0,5-8,1.0,0.0,,,Jared Singletary,,,0.0,,,,,jared-singletary-1,,,CB,,,,,,,,,,,,2.0,,2013,23,2.0,Middle Tennessee State,33,,,173,,,,0.0,0.0,SO
jared-singletary-1,2014,,18,,,,1.0,2.0,,12.0,5-8,2.0,0.0,,,Jared Singletary,,,6.0,,,,,jared-singletary-1,,,CB,,,,,,,,,,,,0.0,,2014,40,2.0,Middle Tennessee State,58,,,173,,,,0.0,0.0,JR
jared-singletary-1,2015,,4,,,,0.0,0.0,,7.0,5-8,0.0,0.0,,,Jared Singletary,,,1.0,,,,,jared-singletary-1,,,CB,,,,,,,,,,,,0.0,,2015,10,1.0,Middle Tennessee State,14,,,173,,,,0.0,,SR
jared-singletary-1,Career,,32,,,,1.0,3.0,,,5-8,3.0,0.0,,,Jared Singletary,,,7.0,,,,,jared-singletary-1,,,CB,,,,,,,,,,,,2.0,,Career,76,5.0,Middle Tennessee State,108,,,173,,,,0.0,0.0,
patrick-stewart-1,2014,,0,,,,0,0,,1.0,6-2,0,0,,,Patrick Stewart,,,0,,,,,patrick-stewart-1,,,DT,,,,,,,,,,,,0.0,,2014,1,0.0,Middle Tennessee State,1,,,281,,,,0,,FR
patrick-stewart-1,2015,,0,,,,0,0,,2.0,6-2,0,0,,,Patrick Stewart,,,0,,,,,patrick-stewart-1,,,DT,,,,,,,,,,,,0.0,,2015,2,0.0,Middle Tennessee State,2,,,281,,,,0,,FR
patrick-stewart-1,Career,,0,,,,0,0,,,6-2,0,0,,,Patrick Stewart,,,0,,,,,patrick-stewart-1,,,DT,,,,,,,,,,,,0.0,,Career,3,0.0,Middle Tennessee State,3,,,281,,,,0,,
max-ugboaja-1,2011,,3,,,,0,0,,12.0,6-4,0.0,0.0,,,Max Ugboaja,,,0,,,,,max-ugboaja-1,,,DL,,,,,,,,,,,,0.5,,2011,4,0.5,Middle Tennessee State,7,,,255,,,,0.0,,FR
max-ugboaja-1,2012,,1,,,,0,0,0.0,,6-4,,,,,Max Ugboaja,,,0,,,,,max-ugboaja-1,,,DL,,,,,,,,,,,,0.0,,2012,1,0.0,Middle Tennessee State,2,,,255,,,0.0,,,SO
max-ugboaja-1,2013,,1,,,,0,0,,3.0,6-4,0.0,0.0,,,Max Ugboaja,,,1,,,,,max-ugboaja-1,,,DE,,,,,,,,,,,,0.0,,2013,0,0.0,Middle Tennessee State,1,,,255,,,,0.0,,JR
max-ugboaja-1,2014,,0,,,,0,0,,1.0,6-4,0.0,0.0,,,Max Ugboaja,,,0,,,,,max-ugboaja-1,,,DT,,,,,,,,,,,,0.0,,2014,1,0.0,Middle Tennessee State,1,,,255,,,,0.0,,SR
max-ugboaja-1,Career,,5,,,,0,0,0.0,,6-4,0.0,0.0,,,Max Ugboaja,,,1,,,,,max-ugboaja-1,,,DT,,,,,,,,,,,,0.5,,Career,6,0.5,Middle Tennessee State,11,,,255,,,0.0,0.0,,
xavier-walker-1,2013,,17,,,,2,1,,12.0,6-4,1,0,,,Xavier Walker,,,3,,,,,xavier-walker-1,,,S,,,,,,,,,,,,0.0,,2013,37,0.0,Middle Tennessee State,54,,,212,,,,0,0.0,SO
xavier-walker-1,2014,,25,,,,1,0,,12.0,6-4,1,0,,,Xavier Walker,,,4,,,,,xavier-walker-1,,,S,,,,,,,,,,,,0.0,,2014,49,1.0,Middle Tennessee State,74,,,212,,,,35,35.0,JR
xavier-walker-1,2015,,15,,,,0,0,,9.0,6-4,0,0,,,Xavier Walker,,,5,,,,,xavier-walker-1,,,S,,,,,,,,,,,,0.0,,2015,16,0.0,Middle Tennessee State,31,,,212,,,,0,,SR
xavier-walker-1,Career,,57,,,,3,1,,,6-4,2,0,,,Xavier Walker,,,12,,,,,xavier-walker-1,,,S,,,,,,,,,,,,0.0,,Career,102,1.0,Middle Tennessee State,159,,,212,,,,35,17.5,
